{
    "SPSFC": {
        "mu": 96375.0546875,
        "sigma": 9590.02734375
    },
    "SKTSFC": {
        "mu": 277.9458312988281,
        "sigma": 22.414052963256836
    },
    "VAR_2TSFC": {
        "mu": 277.582275390625,
        "sigma": 21.496530532836914
    },
    "VAR_2DSFC": {
        "mu": 273.1129150390625,
        "sigma": 20.903839111328125
    },
    "VAR_10USFC": {
        "mu": -0.0796026661992073,
        "sigma": 3.7613649368286133
    },
    "VAR_10VSFC": {
        "mu": 0.2052135318517685,
        "sigma": 2.3874292373657227
    },
    "SSTKSFC": {
        "mu": 286.90777587890625,
        "sigma": 11.41904354095459
    },
    "CISFC": {
        "mu": -5.9154181480407715,
        "sigma": 2.9656689167022705
    },
    "MTPRSFC": {
        "mu": 0.00452677346765995,
        "sigma": 0.002574446378275752
    },
    "MSLSFC": {
        "mu": 100959.71875,
        "sigma": 1168.4810791015625
    },
    "t1000.0": {
        "mu": 280.32464599609375,
        "sigma": 17.108755111694336
    },
    "t850.0": {
        "mu": 273.9404602050781,
        "sigma": 15.459166526794434
    },
    "t700.0": {
        "mu": 266.7701416015625,
        "sigma": 14.722075462341309
    },
    "t500.0": {
        "mu": 252.48406982421875,
        "sigma": 12.783195495605469
    },
    "t250.0": {
        "mu": 222.54713439941406,
        "sigma": 7.980532169342041
    },
    "t100.0": {
        "mu": 208.43060302734375,
        "sigma": 12.159330368041992
    },
    "t50.0": {
        "mu": 212.34535217285156,
        "sigma": 9.97894287109375
    },
    "q1000.0": {
        "mu": 0.07339201122522354,
        "sigma": 0.03829071298241615
    },
    "q850.0": {
        "mu": 0.059786442667245865,
        "sigma": 0.0295795239508152
    },
    "q700.0": {
        "mu": 0.04380926862359047,
        "sigma": 0.021266378462314606
    },
    "q500.0": {
        "mu": 0.025970347225666046,
        "sigma": 0.01259205024689436
    },
    "q250.0": {
        "mu": 0.006627000868320465,
        "sigma": 0.003542638849467039
    },
    "q100.0": {
        "mu": 0.001603319775313139,
        "sigma": 0.00015299898223020136
    },
    "q50.0": {
        "mu": 0.0016238985117524862,
        "sigma": 0.00011945910955546424
    },
    "u1000.0": {
        "mu": -0.061958327889442444,
        "sigma": 4.143650531768799
    },
    "u850.0": {
        "mu": 1.3479772806167603,
        "sigma": 5.7294416427612305
    },
    "u700.0": {
        "mu": 3.2262532711029053,
        "sigma": 6.579349040985107
    },
    "u500.0": {
        "mu": 6.3901214599609375,
        "sigma": 8.482990264892578
    },
    "u250.0": {
        "mu": 13.018770217895508,
        "sigma": 13.326719284057617
    },
    "u100.0": {
        "mu": 10.060833930969238,
        "sigma": 11.681558609008789
    },
    "u50.0": {
        "mu": 5.61694860458374,
        "sigma": 13.820487976074219
    },
    "v1000.0": {
        "mu": 0.20228825509548187,
        "sigma": 2.5786964893341064
    },
    "v850.0": {
        "mu": 0.15793602168560028,
        "sigma": 2.5879714488983154
    },
    "v700.0": {
        "mu": 0.03505546972155571,
        "sigma": 2.775442361831665
    },
    "v500.0": {
        "mu": -0.023653583601117134,
        "sigma": 3.283346652984619
    },
    "v250.0": {
        "mu": -0.031099796295166016,
        "sigma": 4.836956977844238
    },
    "v100.0": {
        "mu": 0.013144846074283123,
        "sigma": 3.7053351402282715
    },
    "v50.0": {
        "mu": 0.003729972057044506,
        "sigma": 4.112279891967773
    },
    "z500.0": {
        "mu": 54004.28125,
        "sigma": 3267.552734375
    }
}