{
    "SPSFC": {
        "mu": 96574.671875,
        "sigma": 9571.42578125
    },
    "SKTSFC": {
        "mu": 278.53143310546875,
        "sigma": 22.116910934448242
    },
    "VAR_2TSFC": {
        "mu": 278.1501770019531,
        "sigma": 21.162708282470703
    },
    "VAR_2DSFC": {
        "mu": 273.66851806640625,
        "sigma": 20.600095748901367
    },
    "VAR_10USFC": {
        "mu": -0.0575907826423645,
        "sigma": 3.8803789615631104
    },
    "VAR_10VSFC": {
        "mu": 0.18596282601356506,
        "sigma": 2.47224497795105
    },
    "SSTKSFC": {
        "mu": 286.89971923828125,
        "sigma": 11.530902862548828
    },
    "CISFC": {
        "mu": -5.7690534591674805,
        "sigma": 3.144278049468994
    },
    "MTPRSFC": {
        "mu": 0.00450912257656455,
        "sigma": 0.002678387099877
    },
    "MSLSFC": {
        "mu": 100962.1171875,
        "sigma": 1069.7879638671875
    },
    "t1000.0": {
        "mu": 280.7345275878906,
        "sigma": 16.951160430908203
    },
    "t850.0": {
        "mu": 274.3064880371094,
        "sigma": 15.281533241271973
    },
    "t700.0": {
        "mu": 267.1464538574219,
        "sigma": 14.508925437927246
    },
    "t500.0": {
        "mu": 252.7611541748047,
        "sigma": 12.68025016784668
    },
    "t250.0": {
        "mu": 222.66981506347656,
        "sigma": 7.920475959777832
    },
    "t100.0": {
        "mu": 208.45980834960938,
        "sigma": 12.168445587158203
    },
    "t50.0": {
        "mu": 212.5172882080078,
        "sigma": 9.82255744934082
    },
    "q1000.0": {
        "mu": 0.0742010697722435,
        "sigma": 0.03821399807929993
    },
    "q850.0": {
        "mu": 0.06047466769814491,
        "sigma": 0.029557842761278152
    },
    "q700.0": {
        "mu": 0.04419030621647835,
        "sigma": 0.02127307839691639
    },
    "q500.0": {
        "mu": 0.026134883984923363,
        "sigma": 0.012647672556340694
    },
    "q250.0": {
        "mu": 0.006671756040304899,
        "sigma": 0.0035398933105170727
    },
    "q100.0": {
        "mu": 0.001613760250620544,
        "sigma": 0.00015399997937493026
    },
    "q50.0": {
        "mu": 0.0016323484014719725,
        "sigma": 0.00011645165068330243
    },
    "u1000.0": {
        "mu": -0.0405302569270134,
        "sigma": 4.270665168762207
    },
    "u850.0": {
        "mu": 1.3965409994125366,
        "sigma": 5.859306812286377
    },
    "u700.0": {
        "mu": 3.3096368312835693,
        "sigma": 6.689437389373779
    },
    "u500.0": {
        "mu": 6.5066633224487305,
        "sigma": 8.60621166229248
    },
    "u250.0": {
        "mu": 13.241898536682129,
        "sigma": 13.489934921264648
    },
    "u100.0": {
        "mu": 10.170051574707031,
        "sigma": 11.764721870422363
    },
    "u50.0": {
        "mu": 5.5726213455200195,
        "sigma": 14.000577926635742
    },
    "v1000.0": {
        "mu": 0.18345953524112701,
        "sigma": 2.6716463565826416
    },
    "v850.0": {
        "mu": 0.14111001789569855,
        "sigma": 2.677060604095459
    },
    "v700.0": {
        "mu": 0.02022896707057953,
        "sigma": 2.833853244781494
    },
    "v500.0": {
        "mu": -0.023503951728343964,
        "sigma": 3.335545778274536
    },
    "v250.0": {
        "mu": -0.02843271568417549,
        "sigma": 4.923005104064941
    },
    "v100.0": {
        "mu": 0.014813639223575592,
        "sigma": 3.7200894355773926
    },
    "v50.0": {
        "mu": 0.0041396296583116055,
        "sigma": 4.0694990158081055
    },
    "z500.0": {
        "mu": 54072.8046875,
        "sigma": 3246.397705078125
    }
}